[
{"category_name": "Bedroom Furniture", "collection_name": "Beds", "collection_link": "https://margecarson.com/collections/beds"},
{"category_name": "Bedroom Furniture", "collection_name": "Benches", "collection_link": "https://margecarson.com/collections/benches"},
{"category_name": "Bedroom Furniture", "collection_name": "Chair and a Half", "collection_link": "https://margecarson.com/collections/chair-and-a-half"},
{"category_name": "Bedroom Furniture", "collection_name": "Chairs", "collection_link": "https://margecarson.com/collections/chairs"},
{"category_name": "Bedroom Furniture", "collection_name": "Chaises", "collection_link": "https://margecarson.com/collections/chaises"},
{"category_name": "Bedroom Furniture", "collection_name": "Dog Beds", "collection_link": "https://margecarson.com/collections/luxury-dog-beds"},
{"category_name": "Bedroom Furniture", "collection_name": "Dressers", "collection_link": "https://margecarson.com/collections/dressers"},
{"category_name": "Bedroom Furniture", "collection_name": "Luxury Bedding", "collection_link": "https://margecarson.com/collections/luxury-bedding"},
{"category_name": "Bedroom Furniture", "collection_name": "Mirrors", "collection_link": "https://margecarson.com/collections/mirrors"},
{"category_name": "Bedroom Furniture", "collection_name": "Nightstands", "collection_link": "https://margecarson.com/collections/nightstands"},
{"category_name": "Bedroom Furniture", "collection_name": "Ottomans", "collection_link": "https://margecarson.com/collections/ottomans-pouffs"},
{"category_name": "Bedroom Furniture", "collection_name": "Vanity Chairs", "collection_link": "https://margecarson.com/collections/vanity-chairs-and-stools"},
{"category_name": "Dining Room", "collection_name": "Bar Carts", "collection_link": "https://margecarson.com/collections/bar-carts"},
{"category_name": "Dining Room", "collection_name": "Bar and Counter Stools", "collection_link": "https://margecarson.com/collections/bar-stools-and-counter-stools"},
{"category_name": "Dining Room", "collection_name": "Credenzas", "collection_link": "https://margecarson.com/collections/credenza-cabinets"},
{"category_name": "Dining Room", "collection_name": "Dining Chairs", "collection_link": "https://margecarson.com/collections/upholstered-dining-chairs"},
{"category_name": "Dining Room", "collection_name": "Dining Tables", "collection_link": "https://margecarson.com/collections/dining-tables"},
{"category_name": "Living Room", "collection_name": "Accent & Side Tables", "collection_link": "https://margecarson.com/collections/accent-and-side-tables"},
{"category_name": "Living Room", "collection_name": "Bar Carts", "collection_link": "https://margecarson.com/collections/bar-carts"},
{"category_name": "Living Room", "collection_name": "Benches", "collection_link": "https://margecarson.com/collections/benches"},
{"category_name": "Living Room", "collection_name": "Chair and a Half", "collection_link": "https://margecarson.com/collections/chair-and-a-half"},
{"category_name": "Living Room", "collection_name": "Chairs", "collection_link": "https://margecarson.com/collections/chairs"},
{"category_name": "Living Room", "collection_name": "Chaises", "collection_link": "https://margecarson.com/collections/chaises"},
{"category_name": "Living Room", "collection_name": "Cocktail Tables", "collection_link": "https://margecarson.com/collections/cocktail-tables"},
{"category_name": "Living Room", "collection_name": "Consoles", "collection_link": "https://margecarson.com/collections/consoles"},
{"category_name": "Living Room", "collection_name": "Credenzas", "collection_link": "https://margecarson.com/collections/credenza-cabinets"},
{"category_name": "Living Room", "collection_name": "Dog Beds", "collection_link": "https://margecarson.com/collections/luxury-dog-beds"},
{"category_name": "Living Room", "collection_name": "Mirrors", "collection_link": "https://margecarson.com/collections/mirrors"},
{"category_name": "Living Room", "collection_name": "Ottomans", "collection_link": "https://margecarson.com/collections/ottomans-pouffs/ottomans"},
{"category_name": "Living Room", "collection_name": "Sectional Sofas", "collection_link": "https://margecarson.com/collections/sectional-sofas"},
{"category_name": "Living Room", "collection_name": "Sofas", "collection_link": "https://margecarson.com/collections/luxury-sofas"},
{"category_name": "Collections", "collection_name": "Loire", "collection_link": "https://margecarson.com/pages/loire-collection"},
{"category_name": "Collections", "collection_name": "Palo Alto", "collection_link": "https://margecarson.com/pages/palo-alto-bedroom-collection"},
{"category_name": "Collections", "collection_name": "Santa Barbara", "collection_link": "https://margecarson.com/pages/santa-barbara-custom-upholstery-collection"}
]