[
{"category_name": "Bedroom Furniture", "collection_name": "Beds", "product_link": "https://margecarson.com/products/cadence-panel-bed"},
{"category_name": "Bedroom Furniture", "collection_name": "Beds", "product_link": "https://margecarson.com/products/cascade-bed"},
{"category_name": "Bedroom Furniture", "collection_name": "Beds", "product_link": "https://margecarson.com/products/dakota-low-bed"},
{"category_name": "Bedroom Furniture", "collection_name": "Beds", "product_link": "https://margecarson.com/products/ensemble-panel-bed"},
{"category_name": "Bedroom Furniture", "collection_name": "Beds", "product_link": "https://margecarson.com/products/loire-bed"},
{"category_name": "Bedroom Furniture", "collection_name": "Beds", "product_link": "https://margecarson.com/products/maison-panel-bed"},
{"category_name": "Bedroom Furniture", "collection_name": "Beds", "product_link": "https://margecarson.com/products/palo-alto-contemporary-bed"},
{"category_name": "Bedroom Furniture", "collection_name": "Beds", "product_link": "https://margecarson.com/products/palo-alto-contemporary-bed-a"},
{"category_name": "Bedroom Furniture", "collection_name": "Beds", "product_link": "https://margecarson.com/products/palo-alto-contemporary-bed-with-panels"},
{"category_name": "Bedroom Furniture", "collection_name": "Beds", "product_link": "https://margecarson.com/products/palo-alto-fully-upholstered-bed"},
{"category_name": "Bedroom Furniture", "collection_name": "Beds", "product_link": "https://margecarson.com/products/palo-alto-traditional-bed"},
{"category_name": "Bedroom Furniture", "collection_name": "Beds", "product_link": "https://margecarson.com/products/palo-alto-traditional-bed-a"},
{"category_name": "Bedroom Furniture", "collection_name": "Beds", "product_link": "https://margecarson.com/products/palo-alto-transitional-bed"},
{"category_name": "Bedroom Furniture", "collection_name": "Beds", "product_link": "https://margecarson.com/products/solstice-panel-bed"},
{"category_name": "Bedroom Furniture", "collection_name": "Beds", "product_link": "https://margecarson.com/products/versailles-bed"},
{"category_name": "Bedroom Furniture", "collection_name": "Benches", "product_link": "https://margecarson.com/products/cascade-bench"},
{"category_name": "Bedroom Furniture", "collection_name": "Benches", "product_link": "https://margecarson.com/products/catalina-dining-bench"},
{"category_name": "Bedroom Furniture", "collection_name": "Benches", "product_link": "https://margecarson.com/products/celine-bench"},
{"category_name": "Bedroom Furniture", "collection_name": "Benches", "product_link": "https://margecarson.com/products/cleo-bench"},
{"category_name": "Bedroom Furniture", "collection_name": "Benches", "product_link": "https://margecarson.com/products/dharma-bench"},
{"category_name": "Bedroom Furniture", "collection_name": "Benches", "product_link": "https://margecarson.com/products/gaston-bench"},
{"category_name": "Bedroom Furniture", "collection_name": "Benches", "product_link": "https://margecarson.com/products/geneva-bench"},
{"category_name": "Bedroom Furniture", "collection_name": "Benches", "product_link": "https://margecarson.com/products/palo-alto-bench"},
{"category_name": "Bedroom Furniture", "collection_name": "Benches", "product_link": "https://margecarson.com/products/palo-alto-bench-b"},
{"category_name": "Bedroom Furniture", "collection_name": "Benches", "product_link": "https://margecarson.com/products/palo-alto-bench-a"},
{"category_name": "Bedroom Furniture", "collection_name": "Benches", "product_link": "https://margecarson.com/products/sophia-bench"},
{"category_name": "Bedroom Furniture", "collection_name": "Chair and a Half", "product_link": "https://margecarson.com/products/hollywood-chair-a-half"},
{"category_name": "Bedroom Furniture", "collection_name": "Chair and a Half", "product_link": "https://margecarson.com/products/isadora-chair-a-half"},
{"category_name": "Bedroom Furniture", "collection_name": "Chair and a Half", "product_link": "https://margecarson.com/products/lana-chair-a-half"},
{"category_name": "Bedroom Furniture", "collection_name": "Chair and a Half", "product_link": "https://margecarson.com/products/santa-barbara-chair-a-half"},
{"category_name": "Bedroom Furniture", "collection_name": "Chair and a Half", "product_link": "https://margecarson.com/products/waverly-large-chair-a-half"},
{"category_name": "Bedroom Furniture", "collection_name": "Chair and a Half", "product_link": "https://margecarson.com/products/waverly-small-chair-a-half"},
{"category_name": "Bedroom Furniture", "collection_name": "Chairs", "product_link": "https://margecarson.com/products/alexander-chair"},
{"category_name": "Bedroom Furniture", "collection_name": "Chairs", "product_link": "https://margecarson.com/products/anastasia-chair"},
{"category_name": "Bedroom Furniture", "collection_name": "Chairs", "product_link": "https://margecarson.com/products/artemis-chair"},
{"category_name": "Bedroom Furniture", "collection_name": "Chairs", "product_link": "https://margecarson.com/products/ashton-chair"},
{"category_name": "Bedroom Furniture", "collection_name": "Chairs", "product_link": "https://margecarson.com/products/barrymore-chair-1"},
{"category_name": "Bedroom Furniture", "collection_name": "Chairs", "product_link": "https://margecarson.com/products/becca-chair"},
{"category_name": "Bedroom Furniture", "collection_name": "Chairs", "product_link": "https://margecarson.com/products/bentley-lounge-chair-a"},
{"category_name": "Bedroom Furniture", "collection_name": "Chairs", "product_link": "https://margecarson.com/products/bentley-lounge-chair"},
{"category_name": "Bedroom Furniture", "collection_name": "Chairs", "product_link": "https://margecarson.com/products/blair-chair"},
{"category_name": "Bedroom Furniture", "collection_name": "Chairs", "product_link": "https://margecarson.com/products/bohemian-chair"},
{"category_name": "Bedroom Furniture", "collection_name": "Chairs", "product_link": "https://margecarson.com/products/brooke-chair"},
{"category_name": "Bedroom Furniture", "collection_name": "Chairs", "product_link": "https://margecarson.com/products/calistoga-chair"},
{"category_name": "Bedroom Furniture", "collection_name": "Chairs", "product_link": "https://margecarson.com/products/calypso-chair"},
{"category_name": "Bedroom Furniture", "collection_name": "Chairs", "product_link": "https://margecarson.com/products/cameron-chair"},
{"category_name": "Bedroom Furniture", "collection_name": "Chairs", "product_link": "https://margecarson.com/products/chandler-chair"},
{"category_name": "Bedroom Furniture", "collection_name": "Chairs", "product_link": "https://margecarson.com/products/chandler-chair-a"},
{"category_name": "Bedroom Furniture", "collection_name": "Chairs", "product_link": "https://margecarson.com/products/claudette-arm-chair"},
{"category_name": "Bedroom Furniture", "collection_name": "Chairs", "product_link": "https://margecarson.com/products/coco-chair"},
{"category_name": "Bedroom Furniture", "collection_name": "Chairs", "product_link": "https://margecarson.com/products/comet-chair"},
{"category_name": "Bedroom Furniture", "collection_name": "Chairs", "product_link": "https://margecarson.com/products/courtney-chair"},
{"category_name": "Bedroom Furniture", "collection_name": "Chairs", "product_link": "https://margecarson.com/products/courtney-chair-a"},
{"category_name": "Bedroom Furniture", "collection_name": "Chairs", "product_link": "https://margecarson.com/products/dahlia-chair"},
{"category_name": "Bedroom Furniture", "collection_name": "Chairs", "product_link": "https://margecarson.com/products/david-chair"},
{"category_name": "Bedroom Furniture", "collection_name": "Chairs", "product_link": "https://margecarson.com/products/davinci-chair"},
{"category_name": "Bedroom Furniture", "collection_name": "Chairs", "product_link": "https://margecarson.com/products/edwin-chair"},
{"category_name": "Bedroom Furniture", "collection_name": "Chairs", "product_link": "https://margecarson.com/products/emerson-chair"},
{"category_name": "Bedroom Furniture", "collection_name": "Chairs", "product_link": "https://margecarson.com/products/emperador-lounge-chair"},
{"category_name": "Bedroom Furniture", "collection_name": "Chairs", "product_link": "https://margecarson.com/products/enzo-chair"},
{"category_name": "Bedroom Furniture", "collection_name": "Chairs", "product_link": "https://margecarson.com/products/gallery-chair"},
{"category_name": "Bedroom Furniture", "collection_name": "Chairs", "product_link": "https://margecarson.com/products/gatsby-chair"},
{"category_name": "Bedroom Furniture", "collection_name": "Chairs", "product_link": "https://margecarson.com/products/geneva-chair"},
{"category_name": "Bedroom Furniture", "collection_name": "Chairs", "product_link": "https://margecarson.com/products/gibson-lounge-chair"},
{"category_name": "Bedroom Furniture", "collection_name": "Chairs", "product_link": "https://margecarson.com/products/grand-tour-chair"},
{"category_name": "Bedroom Furniture", "collection_name": "Chairs", "product_link": "https://margecarson.com/products/hannah-chair"},
{"category_name": "Bedroom Furniture", "collection_name": "Chairs", "product_link": "https://margecarson.com/products/hollis-lounge-chair"},
{"category_name": "Bedroom Furniture", "collection_name": "Chairs", "product_link": "https://margecarson.com/products/hollywood-chair-a-half"},
{"category_name": "Bedroom Furniture", "collection_name": "Chairs", "product_link": "https://margecarson.com/products/huntington-manor-lounge-chair"},
{"category_name": "Bedroom Furniture", "collection_name": "Chairs", "product_link": "https://margecarson.com/products/huxley-chair"},
{"category_name": "Bedroom Furniture", "collection_name": "Chairs", "product_link": "https://margecarson.com/products/isadora-chair-a-half"},
{"category_name": "Bedroom Furniture", "collection_name": "Chairs", "product_link": "https://margecarson.com/products/jackson-chair"},
{"category_name": "Bedroom Furniture", "collection_name": "Chairs", "product_link": "https://margecarson.com/products/jolie-arm-chair"},
{"category_name": "Bedroom Furniture", "collection_name": "Chairs", "product_link": "https://margecarson.com/products/jolie-side-chair"},
{"category_name": "Bedroom Furniture", "collection_name": "Chairs", "product_link": "https://margecarson.com/products/justina-side-chair"},
{"category_name": "Bedroom Furniture", "collection_name": "Chairs", "product_link": "https://margecarson.com/products/karma-chair"},
{"category_name": "Bedroom Furniture", "collection_name": "Chairs", "product_link": "https://margecarson.com/products/kenzie-chair"},
{"category_name": "Bedroom Furniture", "collection_name": "Chairs", "product_link": "https://margecarson.com/products/lana-chair-a-half"},
{"category_name": "Bedroom Furniture", "collection_name": "Chairs", "product_link": "https://margecarson.com/products/largo-chair"},
{"category_name": "Bedroom Furniture", "collection_name": "Chairs", "product_link": "https://margecarson.com/products/leilani-chair-a"},
{"category_name": "Bedroom Furniture", "collection_name": "Chairs", "product_link": "https://margecarson.com/products/leilani-skirted-chair"},
{"category_name": "Bedroom Furniture", "collection_name": "Chairs", "product_link": "https://margecarson.com/products/liam-chair"},
{"category_name": "Bedroom Furniture", "collection_name": "Chairs", "product_link": "https://margecarson.com/products/london-chair"},
{"category_name": "Bedroom Furniture", "collection_name": "Chairs", "product_link": "https://margecarson.com/products/majorca-chair"},
{"category_name": "Bedroom Furniture", "collection_name": "Chairs", "product_link": "https://margecarson.com/products/manor-chair"},
{"category_name": "Bedroom Furniture", "collection_name": "Chairs", "product_link": "https://margecarson.com/products/marcella-chair"},
{"category_name": "Bedroom Furniture", "collection_name": "Chairs", "product_link": "https://margecarson.com/products/marguerite-chair"},
{"category_name": "Bedroom Furniture", "collection_name": "Chairs", "product_link": "https://margecarson.com/products/martini-chair"},
{"category_name": "Bedroom Furniture", "collection_name": "Chairs", "product_link": "https://margecarson.com/products/max-chair"},
{"category_name": "Bedroom Furniture", "collection_name": "Chairs", "product_link": "https://margecarson.com/products/mayson-chair"},
{"category_name": "Bedroom Furniture", "collection_name": "Chairs", "product_link": "https://margecarson.com/products/mckenna-chair"},
{"category_name": "Bedroom Furniture", "collection_name": "Chairs", "product_link": "https://margecarson.com/products/metropolis-chair"},
{"category_name": "Bedroom Furniture", "collection_name": "Chairs", "product_link": "https://margecarson.com/products/milan-chair"},
{"category_name": "Bedroom Furniture", "collection_name": "Chairs", "product_link": "https://margecarson.com/products/mirielle-vanity-chair"},
{"category_name": "Bedroom Furniture", "collection_name": "Chairs", "product_link": "https://margecarson.com/products/mulholland-vanity-chair"},
{"category_name": "Bedroom Furniture", "collection_name": "Chairs", "product_link": "https://margecarson.com/products/nelson-chair"},
{"category_name": "Bedroom Furniture", "collection_name": "Chairs", "product_link": "https://margecarson.com/products/nolan-chair"},
{"category_name": "Bedroom Furniture", "collection_name": "Chairs", "product_link": "https://margecarson.com/products/olinda-chair"},
{"category_name": "Bedroom Furniture", "collection_name": "Chairs", "product_link": "https://margecarson.com/products/orleans-chair"},
{"category_name": "Bedroom Furniture", "collection_name": "Chairs", "product_link": "https://margecarson.com/products/palais-wing-chair"},
{"category_name": "Bedroom Furniture", "collection_name": "Chairs", "product_link": "https://margecarson.com/products/paris-chair"},
{"category_name": "Bedroom Furniture", "collection_name": "Chairs", "product_link": "https://margecarson.com/products/parker-lounge-chair"},
{"category_name": "Bedroom Furniture", "collection_name": "Chairs", "product_link": "https://margecarson.com/products/passport-chair"},
{"category_name": "Bedroom Furniture", "collection_name": "Chairs", "product_link": "https://margecarson.com/products/porter-chair"},
{"category_name": "Bedroom Furniture", "collection_name": "Chairs", "product_link": "https://margecarson.com/products/portofino-chair"},
{"category_name": "Bedroom Furniture", "collection_name": "Chairs", "product_link": "https://margecarson.com/products/quest-chair"},
{"category_name": "Bedroom Furniture", "collection_name": "Chairs", "product_link": "https://margecarson.com/products/ritz-chair"},
{"category_name": "Bedroom Furniture", "collection_name": "Chairs", "product_link": "https://margecarson.com/products/rome-chair"},
{"category_name": "Bedroom Furniture", "collection_name": "Chairs", "product_link": "https://margecarson.com/products/santa-barbara-chair"},
{"category_name": "Bedroom Furniture", "collection_name": "Chairs", "product_link": "https://margecarson.com/products/santa-barbara-chair-a-half"},
{"category_name": "Bedroom Furniture", "collection_name": "Chairs", "product_link": "https://margecarson.com/products/soho-chair"},
{"category_name": "Bedroom Furniture", "collection_name": "Chairs", "product_link": "https://margecarson.com/products/soho-chair-a"},
{"category_name": "Bedroom Furniture", "collection_name": "Chairs", "product_link": "https://margecarson.com/products/st-barts-chair"},
{"category_name": "Bedroom Furniture", "collection_name": "Chairs", "product_link": "https://margecarson.com/products/st-moritz-chair"},
{"category_name": "Bedroom Furniture", "collection_name": "Chairs", "product_link": "https://margecarson.com/products/st-moritz-chair-a"},
{"category_name": "Bedroom Furniture", "collection_name": "Chairs", "product_link": "https://margecarson.com/products/stratus-chair"},
{"category_name": "Bedroom Furniture", "collection_name": "Chairs", "product_link": "https://margecarson.com/products/torino-chair"},
{"category_name": "Bedroom Furniture", "collection_name": "Chairs", "product_link": "https://margecarson.com/products/valentino-chair"},
{"category_name": "Bedroom Furniture", "collection_name": "Chairs", "product_link": "https://margecarson.com/products/versailles-chair"},
{"category_name": "Bedroom Furniture", "collection_name": "Chairs", "product_link": "https://margecarson.com/products/waverly-large-chair-a-half"},
{"category_name": "Bedroom Furniture", "collection_name": "Chairs", "product_link": "https://margecarson.com/products/waverly-small-chair-a-half"},
{"category_name": "Bedroom Furniture", "collection_name": "Chairs", "product_link": "https://margecarson.com/products/william-lounge-chair"},
{"category_name": "Bedroom Furniture", "collection_name": "Chairs", "product_link": "https://margecarson.com/products/windsor-chair"},
{"category_name": "Bedroom Furniture", "collection_name": "Chairs", "product_link": "https://margecarson.com/products/zeus-chair"},
{"category_name": "Bedroom Furniture", "collection_name": "Chaises", "product_link": "https://margecarson.com/products/andrea-chaise"},
{"category_name": "Bedroom Furniture", "collection_name": "Chaises", "product_link": "https://margecarson.com/products/aphrodite-chaise"},
{"category_name": "Bedroom Furniture", "collection_name": "Chaises", "product_link": "https://margecarson.com/products/danielli-chaise"},
{"category_name": "Bedroom Furniture", "collection_name": "Chaises", "product_link": "https://margecarson.com/products/gemini-tei-te-ai-tei-te"},
{"category_name": "Bedroom Furniture", "collection_name": "Chaises", "product_link": "https://margecarson.com/products/lexi-chaise"},
{"category_name": "Bedroom Furniture", "collection_name": "Chaises", "product_link": "https://margecarson.com/products/libra-chaise"},
{"category_name": "Bedroom Furniture", "collection_name": "Chaises", "product_link": "https://margecarson.com/products/logan-chaise"},
{"category_name": "Bedroom Furniture", "collection_name": "Chaises", "product_link": "https://margecarson.com/products/rome-chaise"},
{"category_name": "Bedroom Furniture", "collection_name": "Chaises", "product_link": "https://margecarson.com/products/santa-barbara-chaise"},
{"category_name": "Bedroom Furniture", "collection_name": "Dog Beds", "product_link": "https://margecarson.com/products/luna-dog-bed-small"},
{"category_name": "Bedroom Furniture", "collection_name": "Dog Beds", "product_link": "https://margecarson.com/products/luna-pet-sofa"},
{"category_name": "Bedroom Furniture", "collection_name": "Dog Beds", "product_link": "https://margecarson.com/products/murphy-dog-bed"},
{"category_name": "Bedroom Furniture", "collection_name": "Dog Beds", "product_link": "https://margecarson.com/products/versailles-dog-bed"},
{"category_name": "Bedroom Furniture", "collection_name": "Dog Beds", "product_link": "https://margecarson.com/products/versailles-luxury-dog-bed-small"},
{"category_name": "Bedroom Furniture", "collection_name": "Dressers", "product_link": "https://margecarson.com/products/loire-dresser"},
{"category_name": "Bedroom Furniture", "collection_name": "Dressers", "product_link": "https://margecarson.com/products/lyon-credenza"},
{"category_name": "Bedroom Furniture", "collection_name": "Dressers", "product_link": "https://margecarson.com/products/palo-alto-dresser"},
{"category_name": "Bedroom Furniture", "collection_name": "Dressers", "product_link": "https://margecarson.com/products/solstice-dresser"},
{"category_name": "Bedroom Furniture", "collection_name": "Luxury Bedding", "product_link": "https://margecarson.com/products/fontaine-bedding-package"},
{"category_name": "Bedroom Furniture", "collection_name": "Luxury Bedding", "product_link": "https://margecarson.com/products/noche-bedding-package"},
{"category_name": "Bedroom Furniture", "collection_name": "Luxury Bedding", "product_link": "https://margecarson.com/products/palisades-bedding-package"},
{"category_name": "Bedroom Furniture", "collection_name": "Mirrors", "product_link": "https://margecarson.com/products/adeline-floor-mirror"},
{"category_name": "Bedroom Furniture", "collection_name": "Mirrors", "product_link": "https://margecarson.com/products/bali-mirror"},
{"category_name": "Bedroom Furniture", "collection_name": "Mirrors", "product_link": "https://margecarson.com/products/castello-floor-mirror"},
{"category_name": "Bedroom Furniture", "collection_name": "Mirrors", "product_link": "https://margecarson.com/products/loire-mirror"},
{"category_name": "Bedroom Furniture", "collection_name": "Mirrors", "product_link": "https://margecarson.com/products/palo-alto-mirror"},
{"category_name": "Bedroom Furniture", "collection_name": "Mirrors", "product_link": "https://margecarson.com/products/solstice-mirror"},
{"category_name": "Bedroom Furniture", "collection_name": "Nightstands", "product_link": "https://margecarson.com/products/loire-nightstand-with-doors"},
{"category_name": "Bedroom Furniture", "collection_name": "Nightstands", "product_link": "https://margecarson.com/products/loire-nightstand-with-drawers"},
{"category_name": "Bedroom Furniture", "collection_name": "Nightstands", "product_link": "https://margecarson.com/products/palo-alto-nightstand-2door-large"},
{"category_name": "Bedroom Furniture", "collection_name": "Nightstands", "product_link": "https://margecarson.com/products/palo-alto-nightstand"},
{"category_name": "Bedroom Furniture", "collection_name": "Nightstands", "product_link": "https://margecarson.com/products/palo-alto-nightstand-2-drawer-large"},
{"category_name": "Bedroom Furniture", "collection_name": "Nightstands", "product_link": "https://margecarson.com/products/palo-alto-nightstand-b"},
{"category_name": "Bedroom Furniture", "collection_name": "Nightstands", "product_link": "https://margecarson.com/products/solstice-nightstand"},
{"category_name": "Bedroom Furniture", "collection_name": "Ottomans", "product_link": "https://margecarson.com/products/alexander-ottoman"},
{"category_name": "Bedroom Furniture", "collection_name": "Ottomans", "product_link": "https://margecarson.com/products/ashton-ottoman"},
{"category_name": "Bedroom Furniture", "collection_name": "Ottomans", "product_link": "https://margecarson.com/products/bentley-ottoman-a"},
{"category_name": "Bedroom Furniture", "collection_name": "Ottomans", "product_link": "https://margecarson.com/products/bentley-ottoman"},
{"category_name": "Bedroom Furniture", "collection_name": "Ottomans", "product_link": "https://margecarson.com/products/calais-ottoman"},
{"category_name": "Bedroom Furniture", "collection_name": "Ottomans", "product_link": "https://margecarson.com/products/carlton-ottoman"},
{"category_name": "Bedroom Furniture", "collection_name": "Ottomans", "product_link": "https://margecarson.com/products/caspian-ottoman"},
{"category_name": "Bedroom Furniture", "collection_name": "Ottomans", "product_link": "https://margecarson.com/products/coronado-ottoman-e"},
{"category_name": "Bedroom Furniture", "collection_name": "Ottomans", "product_link": "https://margecarson.com/products/coronado-ottoman"},
{"category_name": "Bedroom Furniture", "collection_name": "Ottomans", "product_link": "https://margecarson.com/products/coronado-ottoman-d"},
{"category_name": "Bedroom Furniture", "collection_name": "Ottomans", "product_link": "https://margecarson.com/products/coronado-ottoman-b"},
{"category_name": "Bedroom Furniture", "collection_name": "Ottomans", "product_link": "https://margecarson.com/products/coronado-ottoman-a"},
{"category_name": "Bedroom Furniture", "collection_name": "Ottomans", "product_link": "https://margecarson.com/products/coronado-ottoman-c"},
{"category_name": "Bedroom Furniture", "collection_name": "Ottomans", "product_link": "https://margecarson.com/products/dharma-ottoman"},
{"category_name": "Bedroom Furniture", "collection_name": "Ottomans", "product_link": "https://margecarson.com/products/emperador-ottoman"},
{"category_name": "Bedroom Furniture", "collection_name": "Ottomans", "product_link": "https://margecarson.com/products/garbo-ottoman"},
{"category_name": "Bedroom Furniture", "collection_name": "Ottomans", "product_link": "https://margecarson.com/products/geneva-ottoman"},
{"category_name": "Bedroom Furniture", "collection_name": "Ottomans", "product_link": "https://margecarson.com/products/hannah-ottoman"},
{"category_name": "Bedroom Furniture", "collection_name": "Ottomans", "product_link": "https://margecarson.com/products/heidi-ottoman"},
{"category_name": "Bedroom Furniture", "collection_name": "Ottomans", "product_link": "https://margecarson.com/products/justina-pouff"},
{"category_name": "Bedroom Furniture", "collection_name": "Ottomans", "product_link": "https://margecarson.com/products/kimberly-ottoman"},
{"category_name": "Bedroom Furniture", "collection_name": "Ottomans", "product_link": "https://margecarson.com/products/lana-ottoman"},
{"category_name": "Bedroom Furniture", "collection_name": "Ottomans", "product_link": "https://margecarson.com/products/lotus-ottoman"},
{"category_name": "Bedroom Furniture", "collection_name": "Ottomans", "product_link": "https://margecarson.com/products/mia-ottoman"},
{"category_name": "Bedroom Furniture", "collection_name": "Ottomans", "product_link": "https://margecarson.com/products/nelson-ottoman"},
{"category_name": "Bedroom Furniture", "collection_name": "Ottomans", "product_link": "https://margecarson.com/products/santa-barbara-ottoman"},
{"category_name": "Bedroom Furniture", "collection_name": "Ottomans", "product_link": "https://margecarson.com/products/tara-ottoman"},
{"category_name": "Bedroom Furniture", "collection_name": "Ottomans", "product_link": "https://margecarson.com/products/tara-ottoman-1"},
{"category_name": "Bedroom Furniture", "collection_name": "Ottomans", "product_link": "https://margecarson.com/products/zoe-pouff"},
{"category_name": "Bedroom Furniture", "collection_name": "Vanity Chairs", "product_link": "https://margecarson.com/products/charlotte-vanity-chair"},
{"category_name": "Bedroom Furniture", "collection_name": "Vanity Chairs", "product_link": "https://margecarson.com/products/mirielle-vanity-chair"},
{"category_name": "Bedroom Furniture", "collection_name": "Vanity Chairs", "product_link": "https://margecarson.com/products/mulholland-vanity-chair"},
{"category_name": "Dining Room", "collection_name": "Bar Carts", "product_link": "https://margecarson.com/products/grace-bar-cart"},
{"category_name": "Dining Room", "collection_name": "Bar and Counter Stools", "product_link": "https://margecarson.com/products/antigua-swivel-bar-stool"},
{"category_name": "Dining Room", "collection_name": "Bar and Counter Stools", "product_link": "https://margecarson.com/products/antigua-upholstered-counter-stool"},
{"category_name": "Dining Room", "collection_name": "Bar and Counter Stools", "product_link": "https://margecarson.com/products/aria-barstool"},
{"category_name": "Dining Room", "collection_name": "Bar and Counter Stools", "product_link": "https://margecarson.com/products/aria-counter-stool"},
{"category_name": "Dining Room", "collection_name": "Bar and Counter Stools", "product_link": "https://margecarson.com/products/cadence-barstool"},
{"category_name": "Dining Room", "collection_name": "Bar and Counter Stools", "product_link": "https://margecarson.com/products/cadence-counter-stool"},
{"category_name": "Dining Room", "collection_name": "Bar and Counter Stools", "product_link": "https://margecarson.com/products/lyric-barstool"},
{"category_name": "Dining Room", "collection_name": "Bar and Counter Stools", "product_link": "https://margecarson.com/products/lyric-counter-stool"},
{"category_name": "Dining Room", "collection_name": "Bar and Counter Stools", "product_link": "https://margecarson.com/products/maison-barstool"},
{"category_name": "Dining Room", "collection_name": "Bar and Counter Stools", "product_link": "https://margecarson.com/products/maison-counter-stool"},
{"category_name": "Dining Room", "collection_name": "Bar and Counter Stools", "product_link": "https://margecarson.com/products/spencer-barstool"},
{"category_name": "Dining Room", "collection_name": "Bar and Counter Stools", "product_link": "https://margecarson.com/products/spencer-counterstool"},
{"category_name": "Dining Room", "collection_name": "Bar and Counter Stools", "product_link": "https://margecarson.com/products/tango-barstool"},
{"category_name": "Dining Room", "collection_name": "Bar and Counter Stools", "product_link": "https://margecarson.com/products/tango-counter-stool"},
{"category_name": "Dining Room", "collection_name": "Bar and Counter Stools", "product_link": "https://margecarson.com/products/villa-argenta-barstool"},
{"category_name": "Dining Room", "collection_name": "Bar and Counter Stools", "product_link": "https://margecarson.com/products/villa-argenta-counter-stool"},
{"category_name": "Dining Room", "collection_name": "Bar and Counter Stools", "product_link": "https://margecarson.com/products/vouvray-barstool"},
{"category_name": "Dining Room", "collection_name": "Bar and Counter Stools", "product_link": "https://margecarson.com/products/vouvray-counter-stool"},
{"category_name": "Dining Room", "collection_name": "Credenzas", "product_link": "https://margecarson.com/products/loire-dresser"},
{"category_name": "Dining Room", "collection_name": "Credenzas", "product_link": "https://margecarson.com/products/lyon-credenza"},
{"category_name": "Dining Room", "collection_name": "Credenzas", "product_link": "https://margecarson.com/products/palo-alto-dresser"},
{"category_name": "Dining Room", "collection_name": "Credenzas", "product_link": "https://margecarson.com/products/solstice-dresser"},
{"category_name": "Dining Room", "collection_name": "Dining Chairs", "product_link": "https://margecarson.com/products/marge-carson-dining-side-chair"},
{"category_name": "Dining Room", "collection_name": "Dining Chairs", "product_link": "https://margecarson.com/products/caldwell-arm-chair"},
{"category_name": "Dining Room", "collection_name": "Dining Chairs", "product_link": "https://margecarson.com/products/caldwell-side-chair"},
{"category_name": "Dining Room", "collection_name": "Dining Chairs", "product_link": "https://margecarson.com/products/cascade-side-chair"},
{"category_name": "Dining Room", "collection_name": "Dining Chairs", "product_link": "https://margecarson.com/products/century-city-arm-chair"},
{"category_name": "Dining Room", "collection_name": "Dining Chairs", "product_link": "https://margecarson.com/products/century-city-side-chair"},
{"category_name": "Dining Room", "collection_name": "Dining Chairs", "product_link": "https://margecarson.com/products/charlotte-dining-chair"},
{"category_name": "Dining Room", "collection_name": "Dining Chairs", "product_link": "https://margecarson.com/products/jolie-arm-chair"},
{"category_name": "Dining Room", "collection_name": "Dining Chairs", "product_link": "https://margecarson.com/products/jolie-side-chair"},
{"category_name": "Dining Room", "collection_name": "Dining Chairs", "product_link": "https://margecarson.com/products/justina-side-chair"},
{"category_name": "Dining Room", "collection_name": "Dining Chairs", "product_link": "https://margecarson.com/products/laguna-beach-arm-chair"},
{"category_name": "Dining Room", "collection_name": "Dining Chairs", "product_link": "https://margecarson.com/products/laguna-beach-side-chair"},
{"category_name": "Dining Room", "collection_name": "Dining Chairs", "product_link": "https://margecarson.com/products/maison-side-chair-low-back"},
{"category_name": "Dining Room", "collection_name": "Dining Chairs", "product_link": "https://margecarson.com/products/mulholland-arm-chair"},
{"category_name": "Dining Room", "collection_name": "Dining Chairs", "product_link": "https://margecarson.com/products/mulholland-arm-chair-a"},
{"category_name": "Dining Room", "collection_name": "Dining Chairs", "product_link": "https://margecarson.com/products/mulholland-side-chair"},
{"category_name": "Dining Room", "collection_name": "Dining Chairs", "product_link": "https://margecarson.com/products/san-marino-arm-chair"},
{"category_name": "Dining Room", "collection_name": "Dining Chairs", "product_link": "https://margecarson.com/products/san-marino-side-chair"},
{"category_name": "Dining Room", "collection_name": "Dining Chairs", "product_link": "https://margecarson.com/products/silverlake-arm-chair"},
{"category_name": "Dining Room", "collection_name": "Dining Chairs", "product_link": "https://margecarson.com/products/silverlake-side-chair"},
{"category_name": "Dining Room", "collection_name": "Dining Chairs", "product_link": "https://margecarson.com/products/sinatra-dining-chair"},
{"category_name": "Dining Room", "collection_name": "Dining Chairs", "product_link": "https://margecarson.com/products/venice-beach-arm-chair"},
{"category_name": "Dining Room", "collection_name": "Dining Chairs", "product_link": "https://margecarson.com/products/venice-beach-side-chair"},
{"category_name": "Dining Room", "collection_name": "Dining Chairs", "product_link": "https://margecarson.com/products/wyatt-arm-chair"},
{"category_name": "Dining Room", "collection_name": "Dining Chairs", "product_link": "https://margecarson.com/products/wyatt-side-chair"},
{"category_name": "Dining Room", "collection_name": "Dining Tables", "product_link": "https://margecarson.com/products/cascade-dining-table"},
{"category_name": "Dining Room", "collection_name": "Dining Tables", "product_link": "https://margecarson.com/products/maison-dining-table"},
{"category_name": "Dining Room", "collection_name": "Dining Tables", "product_link": "https://margecarson.com/products/valentino-dining-table"},
{"category_name": "Living Room", "collection_name": "Accent & Side Tables", "product_link": "https://margecarson.com/products/bali-chairside-table"},
{"category_name": "Living Room", "collection_name": "Accent & Side Tables", "product_link": "https://margecarson.com/products/bali-end-table"},
{"category_name": "Living Room", "collection_name": "Accent & Side Tables", "product_link": "https://margecarson.com/products/calais-end-table"},
{"category_name": "Living Room", "collection_name": "Accent & Side Tables", "product_link": "https://margecarson.com/products/cascade-chairside-table"},
{"category_name": "Living Room", "collection_name": "Accent & Side Tables", "product_link": "https://margecarson.com/products/cascade-end-table"},
{"category_name": "Living Room", "collection_name": "Accent & Side Tables", "product_link": "https://margecarson.com/products/cascade-end-table-a"},
{"category_name": "Living Room", "collection_name": "Accent & Side Tables", "product_link": "https://margecarson.com/products/giverny-chairside-table"},
{"category_name": "Living Room", "collection_name": "Accent & Side Tables", "product_link": "https://margecarson.com/products/giverny-end-table"},
{"category_name": "Living Room", "collection_name": "Accent & Side Tables", "product_link": "https://margecarson.com/products/lla33-lola-pedestal"},
{"category_name": "Living Room", "collection_name": "Accent & Side Tables", "product_link": "https://margecarson.com/products/lorenzo-entry-table"},
{"category_name": "Living Room", "collection_name": "Accent & Side Tables", "product_link": "https://margecarson.com/products/maison-entry-table"},
{"category_name": "Living Room", "collection_name": "Accent & Side Tables", "product_link": "https://margecarson.com/products/san-marino-end-table"},
{"category_name": "Living Room", "collection_name": "Bar Carts", "product_link": "https://margecarson.com/products/grace-bar-cart"},
{"category_name": "Living Room", "collection_name": "Benches", "product_link": "https://margecarson.com/products/cascade-bench"},
{"category_name": "Living Room", "collection_name": "Benches", "product_link": "https://margecarson.com/products/catalina-dining-bench"},
{"category_name": "Living Room", "collection_name": "Benches", "product_link": "https://margecarson.com/products/celine-bench"},
{"category_name": "Living Room", "collection_name": "Benches", "product_link": "https://margecarson.com/products/cleo-bench"},
{"category_name": "Living Room", "collection_name": "Benches", "product_link": "https://margecarson.com/products/dharma-bench"},
{"category_name": "Living Room", "collection_name": "Benches", "product_link": "https://margecarson.com/products/gaston-bench"},
{"category_name": "Living Room", "collection_name": "Benches", "product_link": "https://margecarson.com/products/geneva-bench"},
{"category_name": "Living Room", "collection_name": "Benches", "product_link": "https://margecarson.com/products/palo-alto-bench"},
{"category_name": "Living Room", "collection_name": "Benches", "product_link": "https://margecarson.com/products/palo-alto-bench-b"},
{"category_name": "Living Room", "collection_name": "Benches", "product_link": "https://margecarson.com/products/palo-alto-bench-a"},
{"category_name": "Living Room", "collection_name": "Benches", "product_link": "https://margecarson.com/products/sophia-bench"},
{"category_name": "Living Room", "collection_name": "Chair and a Half", "product_link": "https://margecarson.com/products/hollywood-chair-a-half"},
{"category_name": "Living Room", "collection_name": "Chair and a Half", "product_link": "https://margecarson.com/products/isadora-chair-a-half"},
{"category_name": "Living Room", "collection_name": "Chair and a Half", "product_link": "https://margecarson.com/products/lana-chair-a-half"},
{"category_name": "Living Room", "collection_name": "Chair and a Half", "product_link": "https://margecarson.com/products/santa-barbara-chair-a-half"},
{"category_name": "Living Room", "collection_name": "Chair and a Half", "product_link": "https://margecarson.com/products/waverly-large-chair-a-half"},
{"category_name": "Living Room", "collection_name": "Chair and a Half", "product_link": "https://margecarson.com/products/waverly-small-chair-a-half"},
{"category_name": "Living Room", "collection_name": "Chairs", "product_link": "https://margecarson.com/products/alexander-chair"},
{"category_name": "Living Room", "collection_name": "Chairs", "product_link": "https://margecarson.com/products/anastasia-chair"},
{"category_name": "Living Room", "collection_name": "Chairs", "product_link": "https://margecarson.com/products/artemis-chair"},
{"category_name": "Living Room", "collection_name": "Chairs", "product_link": "https://margecarson.com/products/ashton-chair"},
{"category_name": "Living Room", "collection_name": "Chairs", "product_link": "https://margecarson.com/products/barrymore-chair-1"},
{"category_name": "Living Room", "collection_name": "Chairs", "product_link": "https://margecarson.com/products/becca-chair"},
{"category_name": "Living Room", "collection_name": "Chairs", "product_link": "https://margecarson.com/products/bentley-lounge-chair-a"},
{"category_name": "Living Room", "collection_name": "Chairs", "product_link": "https://margecarson.com/products/bentley-lounge-chair"},
{"category_name": "Living Room", "collection_name": "Chairs", "product_link": "https://margecarson.com/products/blair-chair"},
{"category_name": "Living Room", "collection_name": "Chairs", "product_link": "https://margecarson.com/products/bohemian-chair"},
{"category_name": "Living Room", "collection_name": "Chairs", "product_link": "https://margecarson.com/products/brooke-chair"},
{"category_name": "Living Room", "collection_name": "Chairs", "product_link": "https://margecarson.com/products/calistoga-chair"},
{"category_name": "Living Room", "collection_name": "Chairs", "product_link": "https://margecarson.com/products/calypso-chair"},
{"category_name": "Living Room", "collection_name": "Chairs", "product_link": "https://margecarson.com/products/cameron-chair"},
{"category_name": "Living Room", "collection_name": "Chairs", "product_link": "https://margecarson.com/products/chandler-chair"},
{"category_name": "Living Room", "collection_name": "Chairs", "product_link": "https://margecarson.com/products/chandler-chair-a"},
{"category_name": "Living Room", "collection_name": "Chairs", "product_link": "https://margecarson.com/products/claudette-arm-chair"},
{"category_name": "Living Room", "collection_name": "Chairs", "product_link": "https://margecarson.com/products/coco-chair"},
{"category_name": "Living Room", "collection_name": "Chairs", "product_link": "https://margecarson.com/products/comet-chair"},
{"category_name": "Living Room", "collection_name": "Chairs", "product_link": "https://margecarson.com/products/courtney-chair"},
{"category_name": "Living Room", "collection_name": "Chairs", "product_link": "https://margecarson.com/products/courtney-chair-a"},
{"category_name": "Living Room", "collection_name": "Chairs", "product_link": "https://margecarson.com/products/dahlia-chair"},
{"category_name": "Living Room", "collection_name": "Chairs", "product_link": "https://margecarson.com/products/david-chair"},
{"category_name": "Living Room", "collection_name": "Chairs", "product_link": "https://margecarson.com/products/davinci-chair"},
{"category_name": "Living Room", "collection_name": "Chairs", "product_link": "https://margecarson.com/products/edwin-chair"},
{"category_name": "Living Room", "collection_name": "Chairs", "product_link": "https://margecarson.com/products/emerson-chair"},
{"category_name": "Living Room", "collection_name": "Chairs", "product_link": "https://margecarson.com/products/emperador-lounge-chair"},
{"category_name": "Living Room", "collection_name": "Chairs", "product_link": "https://margecarson.com/products/enzo-chair"},
{"category_name": "Living Room", "collection_name": "Chairs", "product_link": "https://margecarson.com/products/gallery-chair"},
{"category_name": "Living Room", "collection_name": "Chairs", "product_link": "https://margecarson.com/products/gatsby-chair"},
{"category_name": "Living Room", "collection_name": "Chairs", "product_link": "https://margecarson.com/products/geneva-chair"},
{"category_name": "Living Room", "collection_name": "Chairs", "product_link": "https://margecarson.com/products/gibson-lounge-chair"},
{"category_name": "Living Room", "collection_name": "Chairs", "product_link": "https://margecarson.com/products/grand-tour-chair"},
{"category_name": "Living Room", "collection_name": "Chairs", "product_link": "https://margecarson.com/products/hannah-chair"},
{"category_name": "Living Room", "collection_name": "Chairs", "product_link": "https://margecarson.com/products/hollis-lounge-chair"},
{"category_name": "Living Room", "collection_name": "Chairs", "product_link": "https://margecarson.com/products/hollywood-chair-a-half"},
{"category_name": "Living Room", "collection_name": "Chairs", "product_link": "https://margecarson.com/products/huntington-manor-lounge-chair"},
{"category_name": "Living Room", "collection_name": "Chairs", "product_link": "https://margecarson.com/products/huxley-chair"},
{"category_name": "Living Room", "collection_name": "Chairs", "product_link": "https://margecarson.com/products/isadora-chair-a-half"},
{"category_name": "Living Room", "collection_name": "Chairs", "product_link": "https://margecarson.com/products/jackson-chair"},
{"category_name": "Living Room", "collection_name": "Chairs", "product_link": "https://margecarson.com/products/jolie-arm-chair"},
{"category_name": "Living Room", "collection_name": "Chairs", "product_link": "https://margecarson.com/products/jolie-side-chair"},
{"category_name": "Living Room", "collection_name": "Chairs", "product_link": "https://margecarson.com/products/justina-side-chair"},
{"category_name": "Living Room", "collection_name": "Chairs", "product_link": "https://margecarson.com/products/karma-chair"},
{"category_name": "Living Room", "collection_name": "Chairs", "product_link": "https://margecarson.com/products/kenzie-chair"},
{"category_name": "Living Room", "collection_name": "Chairs", "product_link": "https://margecarson.com/products/lana-chair-a-half"},
{"category_name": "Living Room", "collection_name": "Chairs", "product_link": "https://margecarson.com/products/largo-chair"},
{"category_name": "Living Room", "collection_name": "Chairs", "product_link": "https://margecarson.com/products/leilani-chair-a"},
{"category_name": "Living Room", "collection_name": "Chairs", "product_link": "https://margecarson.com/products/leilani-skirted-chair"},
{"category_name": "Living Room", "collection_name": "Chairs", "product_link": "https://margecarson.com/products/liam-chair"},
{"category_name": "Living Room", "collection_name": "Chairs", "product_link": "https://margecarson.com/products/london-chair"},
{"category_name": "Living Room", "collection_name": "Chairs", "product_link": "https://margecarson.com/products/majorca-chair"},
{"category_name": "Living Room", "collection_name": "Chairs", "product_link": "https://margecarson.com/products/manor-chair"},
{"category_name": "Living Room", "collection_name": "Chairs", "product_link": "https://margecarson.com/products/marcella-chair"},
{"category_name": "Living Room", "collection_name": "Chairs", "product_link": "https://margecarson.com/products/marguerite-chair"},
{"category_name": "Living Room", "collection_name": "Chairs", "product_link": "https://margecarson.com/products/martini-chair"},
{"category_name": "Living Room", "collection_name": "Chairs", "product_link": "https://margecarson.com/products/max-chair"},
{"category_name": "Living Room", "collection_name": "Chairs", "product_link": "https://margecarson.com/products/mayson-chair"},
{"category_name": "Living Room", "collection_name": "Chairs", "product_link": "https://margecarson.com/products/mckenna-chair"},
{"category_name": "Living Room", "collection_name": "Chairs", "product_link": "https://margecarson.com/products/metropolis-chair"},
{"category_name": "Living Room", "collection_name": "Chairs", "product_link": "https://margecarson.com/products/milan-chair"},
{"category_name": "Living Room", "collection_name": "Chairs", "product_link": "https://margecarson.com/products/mirielle-vanity-chair"},
{"category_name": "Living Room", "collection_name": "Chairs", "product_link": "https://margecarson.com/products/mulholland-vanity-chair"},
{"category_name": "Living Room", "collection_name": "Chairs", "product_link": "https://margecarson.com/products/nelson-chair"},
{"category_name": "Living Room", "collection_name": "Chairs", "product_link": "https://margecarson.com/products/nolan-chair"},
{"category_name": "Living Room", "collection_name": "Chairs", "product_link": "https://margecarson.com/products/olinda-chair"},
{"category_name": "Living Room", "collection_name": "Chairs", "product_link": "https://margecarson.com/products/orleans-chair"},
{"category_name": "Living Room", "collection_name": "Chairs", "product_link": "https://margecarson.com/products/palais-wing-chair"},
{"category_name": "Living Room", "collection_name": "Chairs", "product_link": "https://margecarson.com/products/paris-chair"},
{"category_name": "Living Room", "collection_name": "Chairs", "product_link": "https://margecarson.com/products/parker-lounge-chair"},
{"category_name": "Living Room", "collection_name": "Chairs", "product_link": "https://margecarson.com/products/passport-chair"},
{"category_name": "Living Room", "collection_name": "Chairs", "product_link": "https://margecarson.com/products/porter-chair"},
{"category_name": "Living Room", "collection_name": "Chairs", "product_link": "https://margecarson.com/products/portofino-chair"},
{"category_name": "Living Room", "collection_name": "Chairs", "product_link": "https://margecarson.com/products/quest-chair"},
{"category_name": "Living Room", "collection_name": "Chairs", "product_link": "https://margecarson.com/products/ritz-chair"},
{"category_name": "Living Room", "collection_name": "Chairs", "product_link": "https://margecarson.com/products/rome-chair"},
{"category_name": "Living Room", "collection_name": "Chairs", "product_link": "https://margecarson.com/products/santa-barbara-chair"},
{"category_name": "Living Room", "collection_name": "Chairs", "product_link": "https://margecarson.com/products/santa-barbara-chair-a-half"},
{"category_name": "Living Room", "collection_name": "Chairs", "product_link": "https://margecarson.com/products/soho-chair"},
{"category_name": "Living Room", "collection_name": "Chairs", "product_link": "https://margecarson.com/products/soho-chair-a"},
{"category_name": "Living Room", "collection_name": "Chairs", "product_link": "https://margecarson.com/products/st-barts-chair"},
{"category_name": "Living Room", "collection_name": "Chairs", "product_link": "https://margecarson.com/products/st-moritz-chair"},
{"category_name": "Living Room", "collection_name": "Chairs", "product_link": "https://margecarson.com/products/st-moritz-chair-a"},
{"category_name": "Living Room", "collection_name": "Chairs", "product_link": "https://margecarson.com/products/stratus-chair"},
{"category_name": "Living Room", "collection_name": "Chairs", "product_link": "https://margecarson.com/products/torino-chair"},
{"category_name": "Living Room", "collection_name": "Chairs", "product_link": "https://margecarson.com/products/valentino-chair"},
{"category_name": "Living Room", "collection_name": "Chairs", "product_link": "https://margecarson.com/products/versailles-chair"},
{"category_name": "Living Room", "collection_name": "Chairs", "product_link": "https://margecarson.com/products/waverly-large-chair-a-half"},
{"category_name": "Living Room", "collection_name": "Chairs", "product_link": "https://margecarson.com/products/waverly-small-chair-a-half"},
{"category_name": "Living Room", "collection_name": "Chairs", "product_link": "https://margecarson.com/products/william-lounge-chair"},
{"category_name": "Living Room", "collection_name": "Chairs", "product_link": "https://margecarson.com/products/windsor-chair"},
{"category_name": "Living Room", "collection_name": "Chairs", "product_link": "https://margecarson.com/products/zeus-chair"},
{"category_name": "Living Room", "collection_name": "Chaises", "product_link": "https://margecarson.com/products/andrea-chaise"},
{"category_name": "Living Room", "collection_name": "Chaises", "product_link": "https://margecarson.com/products/aphrodite-chaise"},
{"category_name": "Living Room", "collection_name": "Chaises", "product_link": "https://margecarson.com/products/danielli-chaise"},
{"category_name": "Living Room", "collection_name": "Chaises", "product_link": "https://margecarson.com/products/gemini-tei-te-ai-tei-te"},
{"category_name": "Living Room", "collection_name": "Chaises", "product_link": "https://margecarson.com/products/lexi-chaise"},
{"category_name": "Living Room", "collection_name": "Chaises", "product_link": "https://margecarson.com/products/libra-chaise"},
{"category_name": "Living Room", "collection_name": "Chaises", "product_link": "https://margecarson.com/products/logan-chaise"},
{"category_name": "Living Room", "collection_name": "Chaises", "product_link": "https://margecarson.com/products/rome-chaise"},
{"category_name": "Living Room", "collection_name": "Chaises", "product_link": "https://margecarson.com/products/santa-barbara-chaise"},
{"category_name": "Living Room", "collection_name": "Cocktail Tables", "product_link": "https://margecarson.com/products/bali-rectangular-cocktail-table"},
{"category_name": "Living Room", "collection_name": "Cocktail Tables", "product_link": "https://margecarson.com/products/bali-square-cocktail-table"},
{"category_name": "Living Room", "collection_name": "Cocktail Tables", "product_link": "https://margecarson.com/products/calais-rectangular-cocktail-table"},
{"category_name": "Living Room", "collection_name": "Cocktail Tables", "product_link": "https://margecarson.com/products/calais-square-cocktail-table"},
{"category_name": "Living Room", "collection_name": "Cocktail Tables", "product_link": "https://margecarson.com/products/cascade-rectangular-cocktail-table"},
{"category_name": "Living Room", "collection_name": "Cocktail Tables", "product_link": "https://margecarson.com/products/cascade-round-cocktail-table"},
{"category_name": "Living Room", "collection_name": "Cocktail Tables", "product_link": "https://margecarson.com/products/cascade-round-cocktail-table-a"},
{"category_name": "Living Room", "collection_name": "Cocktail Tables", "product_link": "https://margecarson.com/products/giverny-rectangular-cocktail-table"},
{"category_name": "Living Room", "collection_name": "Cocktail Tables", "product_link": "https://margecarson.com/products/giverny-round-cocktail-table"},
{"category_name": "Living Room", "collection_name": "Cocktail Tables", "product_link": "https://margecarson.com/products/san-marino-oval-cocktail-table"},
{"category_name": "Living Room", "collection_name": "Cocktail Tables", "product_link": "https://margecarson.com/products/san-marino-round-cocktail-table"},
{"category_name": "Living Room", "collection_name": "Consoles", "product_link": "https://margecarson.com/products/bali-console"},
{"category_name": "Living Room", "collection_name": "Consoles", "product_link": "https://margecarson.com/products/calais-console"},
{"category_name": "Living Room", "collection_name": "Consoles", "product_link": "https://margecarson.com/products/cascade-console"},
{"category_name": "Living Room", "collection_name": "Consoles", "product_link": "https://margecarson.com/products/giverny-console"},
{"category_name": "Living Room", "collection_name": "Consoles", "product_link": "https://margecarson.com/products/san-marino-console"},
{"category_name": "Living Room", "collection_name": "Consoles", "product_link": "https://margecarson.com/products/vernazza-console"},
{"category_name": "Living Room", "collection_name": "Credenzas", "product_link": "https://margecarson.com/products/loire-dresser"},
{"category_name": "Living Room", "collection_name": "Credenzas", "product_link": "https://margecarson.com/products/lyon-credenza"},
{"category_name": "Living Room", "collection_name": "Credenzas", "product_link": "https://margecarson.com/products/palo-alto-dresser"},
{"category_name": "Living Room", "collection_name": "Credenzas", "product_link": "https://margecarson.com/products/solstice-dresser"},
{"category_name": "Living Room", "collection_name": "Dog Beds", "product_link": "https://margecarson.com/products/luna-dog-bed-small"},
{"category_name": "Living Room", "collection_name": "Dog Beds", "product_link": "https://margecarson.com/products/luna-pet-sofa"},
{"category_name": "Living Room", "collection_name": "Dog Beds", "product_link": "https://margecarson.com/products/murphy-dog-bed"},
{"category_name": "Living Room", "collection_name": "Dog Beds", "product_link": "https://margecarson.com/products/versailles-dog-bed"},
{"category_name": "Living Room", "collection_name": "Dog Beds", "product_link": "https://margecarson.com/products/versailles-luxury-dog-bed-small"},
{"category_name": "Living Room", "collection_name": "Mirrors", "product_link": "https://margecarson.com/products/adeline-floor-mirror"},
{"category_name": "Living Room", "collection_name": "Mirrors", "product_link": "https://margecarson.com/products/bali-mirror"},
{"category_name": "Living Room", "collection_name": "Mirrors", "product_link": "https://margecarson.com/products/castello-floor-mirror"},
{"category_name": "Living Room", "collection_name": "Mirrors", "product_link": "https://margecarson.com/products/loire-mirror"},
{"category_name": "Living Room", "collection_name": "Mirrors", "product_link": "https://margecarson.com/products/palo-alto-mirror"},
{"category_name": "Living Room", "collection_name": "Mirrors", "product_link": "https://margecarson.com/products/solstice-mirror"},
{"category_name": "Living Room", "collection_name": "Ottomans", "product_link": "https://margecarson.com/products/alexander-ottoman"},
{"category_name": "Living Room", "collection_name": "Ottomans", "product_link": "https://margecarson.com/products/ashton-ottoman"},
{"category_name": "Living Room", "collection_name": "Ottomans", "product_link": "https://margecarson.com/products/bentley-ottoman-a"},
{"category_name": "Living Room", "collection_name": "Ottomans", "product_link": "https://margecarson.com/products/bentley-ottoman"},
{"category_name": "Living Room", "collection_name": "Ottomans", "product_link": "https://margecarson.com/products/calais-ottoman"},
{"category_name": "Living Room", "collection_name": "Ottomans", "product_link": "https://margecarson.com/products/carlton-ottoman"},
{"category_name": "Living Room", "collection_name": "Ottomans", "product_link": "https://margecarson.com/products/caspian-ottoman"},
{"category_name": "Living Room", "collection_name": "Ottomans", "product_link": "https://margecarson.com/products/coronado-ottoman-e"},
{"category_name": "Living Room", "collection_name": "Ottomans", "product_link": "https://margecarson.com/products/coronado-ottoman"},
{"category_name": "Living Room", "collection_name": "Ottomans", "product_link": "https://margecarson.com/products/coronado-ottoman-d"},
{"category_name": "Living Room", "collection_name": "Ottomans", "product_link": "https://margecarson.com/products/coronado-ottoman-b"},
{"category_name": "Living Room", "collection_name": "Ottomans", "product_link": "https://margecarson.com/products/coronado-ottoman-a"},
{"category_name": "Living Room", "collection_name": "Ottomans", "product_link": "https://margecarson.com/products/coronado-ottoman-c"},
{"category_name": "Living Room", "collection_name": "Ottomans", "product_link": "https://margecarson.com/products/dharma-ottoman"},
{"category_name": "Living Room", "collection_name": "Ottomans", "product_link": "https://margecarson.com/products/emperador-ottoman"},
{"category_name": "Living Room", "collection_name": "Ottomans", "product_link": "https://margecarson.com/products/garbo-ottoman"},
{"category_name": "Living Room", "collection_name": "Ottomans", "product_link": "https://margecarson.com/products/geneva-ottoman"},
{"category_name": "Living Room", "collection_name": "Ottomans", "product_link": "https://margecarson.com/products/hannah-ottoman"},
{"category_name": "Living Room", "collection_name": "Ottomans", "product_link": "https://margecarson.com/products/heidi-ottoman"},
{"category_name": "Living Room", "collection_name": "Ottomans", "product_link": "https://margecarson.com/products/justina-pouff"},
{"category_name": "Living Room", "collection_name": "Ottomans", "product_link": "https://margecarson.com/products/kimberly-ottoman"},
{"category_name": "Living Room", "collection_name": "Ottomans", "product_link": "https://margecarson.com/products/lana-ottoman"},
{"category_name": "Living Room", "collection_name": "Ottomans", "product_link": "https://margecarson.com/products/lotus-ottoman"},
{"category_name": "Living Room", "collection_name": "Ottomans", "product_link": "https://margecarson.com/products/mia-ottoman"},
{"category_name": "Living Room", "collection_name": "Ottomans", "product_link": "https://margecarson.com/products/nelson-ottoman"},
{"category_name": "Living Room", "collection_name": "Ottomans", "product_link": "https://margecarson.com/products/santa-barbara-ottoman"},
{"category_name": "Living Room", "collection_name": "Ottomans", "product_link": "https://margecarson.com/products/tara-ottoman"},
{"category_name": "Living Room", "collection_name": "Ottomans", "product_link": "https://margecarson.com/products/tara-ottoman-1"},
{"category_name": "Living Room", "collection_name": "Ottomans", "product_link": "https://margecarson.com/products/zoe-pouff"},
{"category_name": "Living Room", "collection_name": "Sectional Sofas", "product_link": "https://margecarson.com/products/bentley-sectional-a"},
{"category_name": "Living Room", "collection_name": "Sectional Sofas", "product_link": "https://margecarson.com/products/bentley-sectional"},
{"category_name": "Living Room", "collection_name": "Sectional Sofas", "product_link": "https://margecarson.com/products/burton-sectional"},
{"category_name": "Living Room", "collection_name": "Sectional Sofas", "product_link": "https://margecarson.com/products/cassandra-sectional"},
{"category_name": "Living Room", "collection_name": "Sectional Sofas", "product_link": "https://margecarson.com/products/geneva-sectional"},
{"category_name": "Living Room", "collection_name": "Sectional Sofas", "product_link": "https://margecarson.com/products/hollywood-sectional"},
{"category_name": "Living Room", "collection_name": "Sectional Sofas", "product_link": "https://margecarson.com/products/isadora-sectional"},
{"category_name": "Living Room", "collection_name": "Sectional Sofas", "product_link": "https://margecarson.com/products/london-sectional-sofa"},
{"category_name": "Living Room", "collection_name": "Sectional Sofas", "product_link": "https://margecarson.com/products/lynx-sectional"},
{"category_name": "Living Room", "collection_name": "Sectional Sofas", "product_link": "https://margecarson.com/products/manhattan-sectional"},
{"category_name": "Living Room", "collection_name": "Sectional Sofas", "product_link": "https://margecarson.com/products/marcheline-sectional"},
{"category_name": "Living Room", "collection_name": "Sectional Sofas", "product_link": "https://margecarson.com/products/milan-sectional"},
{"category_name": "Living Room", "collection_name": "Sectional Sofas", "product_link": "https://margecarson.com/products/olympia-sectional"},
{"category_name": "Living Room", "collection_name": "Sectional Sofas", "product_link": "https://margecarson.com/products/orion-sectional"},
{"category_name": "Living Room", "collection_name": "Sectional Sofas", "product_link": "https://margecarson.com/products/paris-sectional"},
{"category_name": "Living Room", "collection_name": "Sectional Sofas", "product_link": "https://margecarson.com/products/playa-grande-sectional"},
{"category_name": "Living Room", "collection_name": "Sectional Sofas", "product_link": "https://margecarson.com/products/rome-sectional"},
{"category_name": "Living Room", "collection_name": "Sectional Sofas", "product_link": "https://margecarson.com/products/santa-barbara-sectional"},
{"category_name": "Living Room", "collection_name": "Sectional Sofas", "product_link": "https://margecarson.com/products/windsor-sectional"},
{"category_name": "Living Room", "collection_name": "Sectional Sofas", "product_link": "https://margecarson.com/products/zen-sectional"},
{"category_name": "Living Room", "collection_name": "Sofas", "product_link": "https://margecarson.com/products/amanda-sofa"},
{"category_name": "Living Room", "collection_name": "Sofas", "product_link": "https://margecarson.com/products/amara-sofa"},
{"category_name": "Living Room", "collection_name": "Sofas", "product_link": "https://margecarson.com/products/anastasia-sofa"},
{"category_name": "Living Room", "collection_name": "Sofas", "product_link": "https://margecarson.com/products/ariel-sofa"},
{"category_name": "Living Room", "collection_name": "Sofas", "product_link": "https://margecarson.com/products/aurora-2-piece-sofa"},
{"category_name": "Living Room", "collection_name": "Sofas", "product_link": "https://margecarson.com/products/aurora-2-piece-sofa-a"},
{"category_name": "Living Room", "collection_name": "Sofas", "product_link": "https://margecarson.com/products/austin-sofa"},
{"category_name": "Living Room", "collection_name": "Sofas", "product_link": "https://margecarson.com/products/avery-sofa"},
{"category_name": "Living Room", "collection_name": "Sofas", "product_link": "https://margecarson.com/products/beau-sofa"},
{"category_name": "Living Room", "collection_name": "Sofas", "product_link": "https://margecarson.com/products/becca-sofa"},
{"category_name": "Living Room", "collection_name": "Sofas", "product_link": "https://margecarson.com/products/bentley-sofa-a"},
{"category_name": "Living Room", "collection_name": "Sofas", "product_link": "https://margecarson.com/products/bentley-sofa"},
{"category_name": "Living Room", "collection_name": "Sofas", "product_link": "https://margecarson.com/products/brigitte-sofa"},
{"category_name": "Living Room", "collection_name": "Sofas", "product_link": "https://margecarson.com/products/bryant-sofa-a"},
{"category_name": "Living Room", "collection_name": "Sofas", "product_link": "https://margecarson.com/products/bryant-sofa"},
{"category_name": "Living Room", "collection_name": "Sofas", "product_link": "https://margecarson.com/products/burton-sofa"},
{"category_name": "Living Room", "collection_name": "Sofas", "product_link": "https://margecarson.com/products/camila-sofa"},
{"category_name": "Living Room", "collection_name": "Sofas", "product_link": "https://margecarson.com/products/chantelle-sofa"},
{"category_name": "Living Room", "collection_name": "Sofas", "product_link": "https://margecarson.com/products/claudia-sofa"},
{"category_name": "Living Room", "collection_name": "Sofas", "product_link": "https://margecarson.com/products/collins-sofa"},
{"category_name": "Living Room", "collection_name": "Sofas", "product_link": "https://margecarson.com/products/cosmopolitan-sofa"},
{"category_name": "Living Room", "collection_name": "Sofas", "product_link": "https://margecarson.com/products/dante-sofa"},
{"category_name": "Living Room", "collection_name": "Sofas", "product_link": "https://margecarson.com/products/deville-sofa"},
{"category_name": "Living Room", "collection_name": "Sofas", "product_link": "https://margecarson.com/products/divine-sofa"},
{"category_name": "Living Room", "collection_name": "Sofas", "product_link": "https://margecarson.com/products/elle-sofa"},
{"category_name": "Living Room", "collection_name": "Sofas", "product_link": "https://margecarson.com/products/emma-sofa"},
{"category_name": "Living Room", "collection_name": "Sofas", "product_link": "https://margecarson.com/products/enzo-sofa"},
{"category_name": "Living Room", "collection_name": "Sofas", "product_link": "https://margecarson.com/products/flynn-sofa"},
{"category_name": "Living Room", "collection_name": "Sofas", "product_link": "https://margecarson.com/products/francesca-sofa"},
{"category_name": "Living Room", "collection_name": "Sofas", "product_link": "https://margecarson.com/products/galaxy-2-piece-sofa"},
{"category_name": "Living Room", "collection_name": "Sofas", "product_link": "https://margecarson.com/products/galaxy-2-piece-sofa-a"},
{"category_name": "Living Room", "collection_name": "Sofas", "product_link": "https://margecarson.com/products/gallery-sofa"},
{"category_name": "Living Room", "collection_name": "Sofas", "product_link": "https://margecarson.com/products/geneva-sofa"},
{"category_name": "Living Room", "collection_name": "Sofas", "product_link": "https://margecarson.com/products/giselle-sofa"},
{"category_name": "Living Room", "collection_name": "Sofas", "product_link": "https://margecarson.com/products/holly-sofa"},
{"category_name": "Living Room", "collection_name": "Sofas", "product_link": "https://margecarson.com/products/hollywood-sofa"},
{"category_name": "Living Room", "collection_name": "Sofas", "product_link": "https://margecarson.com/products/hudson-sofa"},
{"category_name": "Living Room", "collection_name": "Sofas", "product_link": "https://margecarson.com/products/huxley-sofa"},
{"category_name": "Living Room", "collection_name": "Sofas", "product_link": "https://margecarson.com/products/iris-sofa"},
{"category_name": "Living Room", "collection_name": "Sofas", "product_link": "https://margecarson.com/products/katarina-sofa"},
{"category_name": "Living Room", "collection_name": "Sofas", "product_link": "https://margecarson.com/products/kylie-sofa"},
{"category_name": "Living Room", "collection_name": "Sofas", "product_link": "https://margecarson.com/products/london-sofa"},
{"category_name": "Living Room", "collection_name": "Sofas", "product_link": "https://margecarson.com/products/luna-sofa"},
{"category_name": "Living Room", "collection_name": "Sofas", "product_link": "https://margecarson.com/products/lynx-sofa"},
{"category_name": "Living Room", "collection_name": "Sofas", "product_link": "https://margecarson.com/products/marilyn-sofa"},
{"category_name": "Living Room", "collection_name": "Sofas", "product_link": "https://margecarson.com/products/maritza-2-piece-sofa"},
{"category_name": "Living Room", "collection_name": "Sofas", "product_link": "https://margecarson.com/products/mckenna-sofa"},
{"category_name": "Living Room", "collection_name": "Sofas", "product_link": "https://margecarson.com/products/mila-sofa"},
{"category_name": "Living Room", "collection_name": "Sofas", "product_link": "https://margecarson.com/products/milan-sofa"},
{"category_name": "Living Room", "collection_name": "Sofas", "product_link": "https://margecarson.com/products/mirage-round-sofa"},
{"category_name": "Living Room", "collection_name": "Sofas", "product_link": "https://margecarson.com/products/natalia-sofa"},
{"category_name": "Living Room", "collection_name": "Sofas", "product_link": "https://margecarson.com/products/nico-sofa"},
{"category_name": "Living Room", "collection_name": "Sofas", "product_link": "https://margecarson.com/products/oasis-round-sofa"},
{"category_name": "Living Room", "collection_name": "Sofas", "product_link": "https://margecarson.com/products/odessa-2-piece-sofa-a"},
{"category_name": "Living Room", "collection_name": "Sofas", "product_link": "https://margecarson.com/products/odessa-2-piece-sofa"},
{"category_name": "Living Room", "collection_name": "Sofas", "product_link": "https://margecarson.com/products/olinda-love-seat"},
{"category_name": "Living Room", "collection_name": "Sofas", "product_link": "https://margecarson.com/products/olinda-sofa"},
{"category_name": "Living Room", "collection_name": "Sofas", "product_link": "https://margecarson.com/products/olinda-sofa-a"},
{"category_name": "Living Room", "collection_name": "Sofas", "product_link": "https://margecarson.com/products/paloma-sofa"},
{"category_name": "Living Room", "collection_name": "Sofas", "product_link": "https://margecarson.com/products/paris-sofa"},
{"category_name": "Living Room", "collection_name": "Sofas", "product_link": "https://margecarson.com/products/paulina-sofa"},
{"category_name": "Living Room", "collection_name": "Sofas", "product_link": "https://margecarson.com/products/quincy-sofa-1"},
{"category_name": "Living Room", "collection_name": "Sofas", "product_link": "https://margecarson.com/products/rome-sofa"},
{"category_name": "Living Room", "collection_name": "Sofas", "product_link": "https://margecarson.com/products/santa-barbara-chair-a-half"},
{"category_name": "Living Room", "collection_name": "Sofas", "product_link": "https://margecarson.com/products/santa-barbara-chaise"},
{"category_name": "Living Room", "collection_name": "Sofas", "product_link": "https://margecarson.com/products/santa-barbara-ottoman"},
{"category_name": "Living Room", "collection_name": "Sofas", "product_link": "https://margecarson.com/products/santa-barbara-sectional"},
{"category_name": "Living Room", "collection_name": "Sofas", "product_link": "https://margecarson.com/products/santa-barbara-sofa"},
{"category_name": "Living Room", "collection_name": "Sofas", "product_link": "https://margecarson.com/products/santa-barbara-sofa-c"},
{"category_name": "Living Room", "collection_name": "Sofas", "product_link": "https://margecarson.com/products/santa-barbara-sofa-b"},
{"category_name": "Living Room", "collection_name": "Sofas", "product_link": "https://margecarson.com/products/santa-barbara-sofa-a"},
{"category_name": "Living Room", "collection_name": "Sofas", "product_link": "https://margecarson.com/products/santa-barbara-wedge-sofa"},
{"category_name": "Living Room", "collection_name": "Sofas", "product_link": "https://margecarson.com/products/scarlett-sofa"},
{"category_name": "Living Room", "collection_name": "Sofas", "product_link": "https://margecarson.com/products/seattle-sofa"},
{"category_name": "Living Room", "collection_name": "Sofas", "product_link": "https://margecarson.com/products/st-barts-sofa"},
{"category_name": "Living Room", "collection_name": "Sofas", "product_link": "https://margecarson.com/products/stratus-sofa"},
{"category_name": "Living Room", "collection_name": "Sofas", "product_link": "https://margecarson.com/products/sultan-sofa"},
{"category_name": "Living Room", "collection_name": "Sofas", "product_link": "https://margecarson.com/products/trianon-court-sofa"},
{"category_name": "Living Room", "collection_name": "Sofas", "product_link": "https://margecarson.com/products/tribeca-sofa"},
{"category_name": "Living Room", "collection_name": "Sofas", "product_link": "https://margecarson.com/products/versailles-sofa"},
{"category_name": "Living Room", "collection_name": "Sofas", "product_link": "https://margecarson.com/products/vista-sofa"},
{"category_name": "Living Room", "collection_name": "Sofas", "product_link": "https://margecarson.com/products/windsor-sofa"},
{"category_name": "Collections", "collection_name": "Loire", "product_link": "https://margecarson.com/products/loire-bed"},
{"category_name": "Collections", "collection_name": "Loire", "product_link": "https://margecarson.com/products/loire-dresser"},
{"category_name": "Collections", "collection_name": "Loire", "product_link": "https://margecarson.com/products/loire-nightstand-with-doors"},
{"category_name": "Collections", "collection_name": "Loire", "product_link": "https://margecarson.com/products/loire-nightstand-with-drawers"},
{"category_name": "Collections", "collection_name": "Loire", "product_link": "https://margecarson.com/products/loire-mirror"},
{"category_name": "Collections", "collection_name": "Palo Alto", "product_link": "https://margecarson.com/products/palo-alto-contemporary-bed-a"},
{"category_name": "Collections", "collection_name": "Palo Alto", "product_link": "https://margecarson.com/products/palo-alto-traditional-bed-a"},
{"category_name": "Collections", "collection_name": "Palo Alto", "product_link": "https://margecarson.com/products/palo-alto-transitional-bed"},
{"category_name": "Collections", "collection_name": "Palo Alto", "product_link": "https://margecarson.com/products/palo-alto-fully-upholstered-bed"},
{"category_name": "Collections", "collection_name": "Palo Alto", "product_link": "https://margecarson.com/products/palo-alto-traditional-bed"},
{"category_name": "Collections", "collection_name": "Palo Alto", "product_link": "https://margecarson.com/products/palo-alto-contemporary-bed"},
{"category_name": "Collections", "collection_name": "Palo Alto", "product_link": "https://margecarson.com/products/palo-alto-contemporary-bed-with-panels"},
{"category_name": "Collections", "collection_name": "Palo Alto", "product_link": "https://margecarson.com/products/palo-alto-nightstand-2-drawer-large"},
{"category_name": "Collections", "collection_name": "Palo Alto", "product_link": "https://margecarson.com/products/palo-alto-nightstand-b"},
{"category_name": "Collections", "collection_name": "Palo Alto", "product_link": "https://margecarson.com/products/palo-alto-nightstand-2door-large"},
{"category_name": "Collections", "collection_name": "Palo Alto", "product_link": "https://margecarson.com/products/palo-alto-nightstand"},
{"category_name": "Collections", "collection_name": "Palo Alto", "product_link": "https://margecarson.com/products/palo-alto-dresser"},
{"category_name": "Collections", "collection_name": "Palo Alto", "product_link": "https://margecarson.com/products/palo-alto-mirror"},
{"category_name": "Collections", "collection_name": "Palo Alto", "product_link": "https://margecarson.com/products/palo-alto-bench-a"},
{"category_name": "Collections", "collection_name": "Palo Alto", "product_link": "https://margecarson.com/products/palo-alto-bench-b"},
{"category_name": "Collections", "collection_name": "Palo Alto", "product_link": "https://margecarson.com/products/palo-alto-bench"},
{"category_name": "Collections", "collection_name": "Santa Barbara", "product_link": "https://margecarson.com/products/santa-barbara-sectional"},
{"category_name": "Collections", "collection_name": "Santa Barbara", "product_link": "https://margecarson.com/products/santa-barbara-chair-a-half"},
{"category_name": "Collections", "collection_name": "Santa Barbara", "product_link": "https://margecarson.com/products/santa-barbara-ottoman"},
{"category_name": "Collections", "collection_name": "Santa Barbara", "product_link": "https://margecarson.com/products/santa-barbara-chaise"},
{"category_name": "Collections", "collection_name": "Santa Barbara", "product_link": "https://margecarson.com/products/santa-barbara-sofa-a"},
{"category_name": "Collections", "collection_name": "Santa Barbara", "product_link": "https://margecarson.com/products/santa-barbara-sofa-b"},
{"category_name": "Collections", "collection_name": "Santa Barbara", "product_link": "https://margecarson.com/products/santa-barbara-sofa-c"},
{"category_name": "Collections", "collection_name": "Santa Barbara", "product_link": "https://margecarson.com/products/santa-barbara-sofa"},
{"category_name": "Collections", "collection_name": "Santa Barbara", "product_link": "https://margecarson.com/products/santa-barbara-wedge-sofa"}
]